id,start,end,maxspeed,junction
l_0,n_id0,n_id1,20 mph,None
l_1,n_id2,n_id3,20 mph,None
l_2,n_id4,n_id5,20 mph,None
l_3,n_id6,n_id7,20 mph,None
l_4,n_id8,n_id9,20 mph,None
l_5,n_id10,n_id11,20 mph,None
l_6,n_id12,n_id13,20 mph,None
l_7,n_id14,n_id15,20 mph,None
l_8,n_id16,n_id17,30 mph,None
l_9,n_id18,n_id19,30 mph,None
l_10,n_id20,n_id21,30 mph,None
l_11,n_id22,n_id23,None,None
l_12,n_id24,n_id25,None,None
l_13,n_id26,n_id27,None,None
l_14,n_id28,n_id29,None,None
l_15,n_id30,n_id31,30 mph,None
l_16,n_id32,n_id33,30 mph,None
l_17,n_id34,n_id35,30 mph,None
l_18,n_id36,n_id37,30 mph,None
l_19,n_id38,n_id39,30 mph,None
l_20,n_id40,n_id41,30 mph,None
l_21,n_id42,n_id43,30 mph,None
l_22,n_id44,n_id45,30 mph,None
l_23,n_id46,n_id47,30 mph,None
l_24,n_id48,n_id49,30 mph,None
l_25,n_id50,n_id51,30 mph,None
l_26,n_id52,n_id53,20 mph,None
l_27,n_id54,n_id55,20 mph,None
l_28,n_id56,n_id57,None,None
l_29,n_id58,n_id59,None,None
l_30,n_id60,n_id61,None,None
l_31,n_id62,n_id63,None,None
l_32,n_id64,n_id65,None,None
l_33,n_id66,n_id67,None,None
l_34,n_id68,n_id69,20 mph,None
l_35,n_id70,n_id71,20 mph,None
l_36,n_id72,n_id73,20 mph,None
l_37,n_id74,n_id75,20 mph,None
l_38,n_id76,n_id77,20 mph,None
l_39,n_id78,n_id79,20 mph,None
l_40,n_id80,n_id81,20 mph,None
l_41,n_id82,n_id83,20 mph,None
l_42,n_id84,n_id85,20 mph,None
l_43,n_id86,n_id87,20 mph,None
l_44,n_id88,n_id89,20 mph,None
l_45,n_id90,n_id91,20 mph,None
l_46,n_id92,n_id93,20 mph,None
l_47,n_id94,n_id95,20 mph,None
l_48,n_id96,n_id97,20 mph,None
l_49,n_id98,n_id99,20 mph,None
l_50,n_id100,n_id101,20 mph,None
l_51,n_id102,n_id103,20 mph,None
l_52,n_id104,n_id105,20 mph,None
l_53,n_id106,n_id107,20 mph,None
l_54,n_id108,n_id109,20 mph,None
l_55,n_id110,n_id111,20 mph,None
l_56,n_id112,n_id113,20 mph,None
l_57,n_id114,n_id115,20 mph,None
l_58,n_id116,n_id117,20 mph,None
l_59,n_id118,n_id119,20 mph,None
l_60,n_id120,n_id121,20 mph,None
l_61,n_id122,n_id123,20 mph,None
l_62,n_id124,n_id125,20 mph,None
l_63,n_id126,n_id127,20 mph,None
l_64,n_id128,n_id129,20 mph,None
l_65,n_id130,n_id131,20 mph,None
l_66,n_id132,n_id133,20 mph,None
l_67,n_id134,n_id135,20 mph,None
l_68,n_id136,n_id137,20 mph,None
l_69,n_id138,n_id139,None,None
l_70,n_id140,n_id141,20 mph,None
l_71,n_id142,n_id143,20 mph,None
l_72,n_id144,n_id145,20 mph,None
l_73,n_id146,n_id147,20 mph,None
l_74,n_id148,n_id149,20 mph,None
l_75,n_id150,n_id151,20 mph,None
l_76,n_id152,n_id153,20 mph,None
l_77,n_id154,n_id155,20 mph,None
l_78,n_id156,n_id157,20 mph,None
l_79,n_id158,n_id159,20 mph,None
l_80,n_id160,n_id161,20 mph,None
l_81,n_id162,n_id163,20 mph,None
l_82,n_id164,n_id165,20 mph,None
l_83,n_id166,n_id167,20 mph,None
l_84,n_id168,n_id169,20 mph,None
l_85,n_id170,n_id171,20 mph,None
l_86,n_id172,n_id173,20 mph,None
l_87,n_id174,n_id175,20 mph,None
l_88,n_id176,n_id177,20 mph,None
l_89,n_id178,n_id179,20 mph,None
l_90,n_id180,n_id181,20 mph,None
l_91,n_id182,n_id183,20 mph,None
l_92,n_id184,n_id185,20 mph,None
l_93,n_id186,n_id187,20 mph,None
l_94,n_id188,n_id189,20 mph,None
l_95,n_id190,n_id191,20 mph,None
l_96,n_id192,n_id193,20 mph,None
l_97,n_id194,n_id195,None,None
l_98,n_id196,n_id197,None,None
l_99,n_id198,n_id199,None,None
l_100,n_id200,n_id201,None,None
l_101,n_id202,n_id203,None,None
l_102,n_id204,n_id205,None,None
l_103,n_id206,n_id207,None,None
l_104,n_id208,n_id209,None,None
l_105,n_id210,n_id211,None,None
l_106,n_id212,n_id213,None,None
l_107,n_id214,n_id215,None,None
l_108,n_id216,n_id217,None,None
l_109,n_id218,n_id219,None,None
l_110,n_id220,n_id221,None,None
l_111,n_id222,n_id223,None,None
l_112,n_id224,n_id225,20 mph,None
l_113,n_id226,n_id227,20 mph,None
l_114,n_id228,n_id229,20 mph,None
l_115,n_id230,n_id231,20 mph,None
l_116,n_id232,n_id233,20 mph,None
l_117,n_id234,n_id235,20 mph,None
l_118,n_id236,n_id237,20 mph,None
l_119,n_id238,n_id239,20 mph,None
l_120,n_id240,n_id241,20 mph,None
l_121,n_id242,n_id243,20 mph,None
l_122,n_id244,n_id245,20 mph,None
l_123,n_id246,n_id247,20 mph,None
l_124,n_id248,n_id249,20 mph,None
l_125,n_id250,n_id251,20 mph,None
l_126,n_id252,n_id253,20 mph,None
l_127,n_id254,n_id255,20 mph,None
l_128,n_id256,n_id257,20 mph,None
l_129,n_id258,n_id259,20 mph,None
l_130,n_id260,n_id261,20 mph,None
l_131,n_id262,n_id263,20 mph,None
l_132,n_id264,n_id265,20 mph,None
l_133,n_id266,n_id267,20 mph,None
l_134,n_id268,n_id269,20 mph,None
l_135,n_id270,n_id271,20 mph,None
l_136,n_id272,n_id273,20 mph,None
l_137,n_id274,n_id275,20 mph,None
l_138,n_id276,n_id277,20 mph,None
l_139,n_id278,n_id279,20 mph,None
l_140,n_id280,n_id281,20 mph,None
l_141,n_id282,n_id283,20 mph,None
l_142,n_id284,n_id285,20 mph,None
l_143,n_id286,n_id287,20 mph,None
l_144,n_id288,n_id289,20 mph,None
l_145,n_id290,n_id291,20 mph,None
l_146,n_id292,n_id293,None,None
l_147,n_id294,n_id295,None,None
l_148,n_id296,n_id297,None,None
l_149,n_id298,n_id299,None,None
l_150,n_id300,n_id301,None,None
l_151,n_id302,n_id303,None,None
l_152,n_id304,n_id305,None,None
l_153,n_id306,n_id307,None,None
l_154,n_id308,n_id309,None,None
l_155,n_id310,n_id311,None,None
l_156,n_id312,n_id313,None,None
l_157,n_id314,n_id315,None,None
l_158,n_id316,n_id317,None,None
l_159,n_id318,n_id319,None,None
l_160,n_id320,n_id321,None,None
l_161,n_id322,n_id323,None,None
l_162,n_id324,n_id325,None,None
l_163,n_id326,n_id327,None,None
l_164,n_id328,n_id329,None,None
l_165,n_id330,n_id331,30 mph,None
l_166,n_id332,n_id333,30 mph,None
l_167,n_id334,n_id335,30 mph,None
l_168,n_id336,n_id337,30 mph,None
l_169,n_id338,n_id339,30 mph,None
l_170,n_id340,n_id341,30 mph,None
l_171,n_id342,n_id343,30 mph,None
l_172,n_id344,n_id345,30 mph,None
l_173,n_id346,n_id347,30 mph,None
l_174,n_id348,n_id349,30 mph,None
l_175,n_id350,n_id351,30 mph,None
l_176,n_id352,n_id353,30 mph,None
l_177,n_id354,n_id355,30 mph,None
l_178,n_id356,n_id357,30 mph,None
l_179,n_id358,n_id359,30 mph,None
l_180,n_id360,n_id361,30 mph,None
l_181,n_id362,n_id363,20 mph,None
l_182,n_id364,n_id365,20 mph,None
l_183,n_id366,n_id367,20 mph,None
l_184,n_id368,n_id369,20 mph,None
l_185,n_id370,n_id371,20 mph,None
l_186,n_id372,n_id373,20 mph,None
l_187,n_id374,n_id375,20 mph,None
l_188,n_id376,n_id377,20 mph,None
l_189,n_id378,n_id379,20 mph,None
l_190,n_id380,n_id381,20 mph,None
l_191,n_id382,n_id383,20 mph,None
l_192,n_id384,n_id385,20 mph,None
l_193,n_id386,n_id387,20 mph,None
l_194,n_id388,n_id389,20 mph,None
l_195,n_id390,n_id391,20 mph,None
l_196,n_id392,n_id393,20 mph,None
l_197,n_id394,n_id395,20 mph,None
l_198,n_id396,n_id397,20 mph,None
l_199,n_id398,n_id399,20 mph,None
l_200,n_id400,n_id401,20 mph,None
l_201,n_id402,n_id403,20 mph,None
l_202,n_id404,n_id405,20 mph,None
l_203,n_id406,n_id407,20 mph,None
l_204,n_id408,n_id409,20 mph,None
l_205,n_id410,n_id411,20 mph,None
l_206,n_id412,n_id413,20 mph,None
l_207,n_id414,n_id415,None,None
l_208,n_id416,n_id417,None,None
l_209,n_id418,n_id419,None,None
l_210,n_id420,n_id421,None,None
l_211,n_id422,n_id423,None,None
l_212,n_id424,n_id425,None,None
l_213,n_id426,n_id427,None,None
l_214,n_id428,n_id429,None,None
l_215,n_id430,n_id431,None,None
l_216,n_id432,n_id433,None,None
l_217,n_id434,n_id435,None,None
l_218,n_id436,n_id437,None,None
l_219,n_id438,n_id439,None,None
l_220,n_id440,n_id441,None,None
l_221,n_id442,n_id443,None,None
l_222,n_id444,n_id445,None,None
l_223,n_id446,n_id447,None,None
l_224,n_id448,n_id449,None,None
l_225,n_id450,n_id451,None,None
l_226,n_id452,n_id453,None,None
l_227,n_id454,n_id455,None,None
l_228,n_id456,n_id457,None,None
l_229,n_id458,n_id459,20 mph,None
l_230,n_id460,n_id461,20 mph,None
l_231,n_id462,n_id463,20 mph,None
l_232,n_id464,n_id465,20 mph,None
l_233,n_id466,n_id467,20 mph,None
l_234,n_id468,n_id469,20 mph,None
l_235,n_id470,n_id471,20 mph,None
l_236,n_id472,n_id473,20 mph,None
l_237,n_id474,n_id475,20 mph,None
l_238,n_id476,n_id477,20 mph,None
l_239,n_id478,n_id479,20 mph,None
l_240,n_id480,n_id481,20 mph,None
l_241,n_id482,n_id483,20 mph,None
l_242,n_id484,n_id485,20 mph,None
l_243,n_id486,n_id487,20 mph,None
l_244,n_id488,n_id489,20 mph,None
l_245,n_id490,n_id491,20 mph,None
l_246,n_id492,n_id493,20 mph,None
l_247,n_id494,n_id495,20 mph,None
l_248,n_id496,n_id497,20 mph,None
l_249,n_id498,n_id499,20 mph,None
l_250,n_id500,n_id501,20 mph,None
l_251,n_id502,n_id503,20 mph,None
l_252,n_id504,n_id505,20 mph,None
l_253,n_id506,n_id507,20 mph,None
l_254,n_id508,n_id509,20 mph,None
l_255,n_id510,n_id511,20 mph,None
l_256,n_id512,n_id513,20 mph,None
l_257,n_id514,n_id515,20 mph,None
l_258,n_id516,n_id517,20 mph,None
l_259,n_id518,n_id519,20 mph,None
l_260,n_id520,n_id521,20 mph,None
l_261,n_id522,n_id523,20 mph,None
l_262,n_id524,n_id525,20 mph,None
l_263,n_id526,n_id527,20 mph,None
l_264,n_id528,n_id529,20 mph,None
l_265,n_id530,n_id531,20 mph,None
l_266,n_id532,n_id533,20 mph,None
l_267,n_id534,n_id535,20 mph,None
l_268,n_id536,n_id537,20 mph,None
l_269,n_id538,n_id539,20 mph,None
l_270,n_id540,n_id541,20 mph,None
l_271,n_id542,n_id543,20 mph,None
l_272,n_id544,n_id545,20 mph,None
l_273,n_id546,n_id547,20 mph,None
l_274,n_id548,n_id549,20 mph,None
l_275,n_id550,n_id551,20 mph,None
l_276,n_id552,n_id553,20 mph,None
l_277,n_id554,n_id555,20 mph,None
l_278,n_id556,n_id557,20 mph,None
l_279,n_id558,n_id559,20 mph,None
l_280,n_id560,n_id561,20 mph,None
l_281,n_id562,n_id563,20 mph,None
l_282,n_id564,n_id565,20 mph,None
l_283,n_id566,n_id567,20 mph,None
l_284,n_id568,n_id569,20 mph,None
l_285,n_id570,n_id571,20 mph,None
l_286,n_id572,n_id573,20 mph,None
l_287,n_id574,n_id575,20 mph,None
l_288,n_id576,n_id577,20 mph,None
l_289,n_id578,n_id579,20 mph,None
l_290,n_id580,n_id581,20 mph,None
l_291,n_id582,n_id583,20 mph,None
l_292,n_id584,n_id585,20 mph,None
l_293,n_id586,n_id587,20 mph,None
l_294,n_id588,n_id589,20 mph,None
l_295,n_id590,n_id591,20 mph,None
l_296,n_id592,n_id593,20 mph,None
l_297,n_id594,n_id595,20 mph,None
l_298,n_id596,n_id597,20 mph,None
l_299,n_id598,n_id599,20 mph,None
l_300,n_id600,n_id601,20 mph,None
l_301,n_id602,n_id603,20 mph,None
l_302,n_id604,n_id605,20 mph,None
l_303,n_id606,n_id607,20 mph,None
l_304,n_id608,n_id609,20 mph,None
l_305,n_id610,n_id611,20 mph,None
l_306,n_id612,n_id613,20 mph,None
l_307,n_id614,n_id615,20 mph,None
l_308,n_id616,n_id617,20 mph,None
l_309,n_id618,n_id619,20 mph,None
l_310,n_id620,n_id621,20 mph,None
l_311,n_id622,n_id623,20 mph,None
l_312,n_id624,n_id625,20 mph,None
l_313,n_id626,n_id627,20 mph,None
l_314,n_id628,n_id629,20 mph,None
l_315,n_id630,n_id631,20 mph,None
l_316,n_id632,n_id633,20 mph,None
l_317,n_id634,n_id635,20 mph,None
l_318,n_id636,n_id637,20 mph,None
l_319,n_id638,n_id639,20 mph,None
l_320,n_id640,n_id641,20 mph,None
l_321,n_id642,n_id643,20 mph,None
l_322,n_id644,n_id645,20 mph,None
l_323,n_id646,n_id647,20 mph,None
l_324,n_id648,n_id649,20 mph,None
l_325,n_id650,n_id651,20 mph,None
l_326,n_id652,n_id653,20 mph,None
l_327,n_id654,n_id655,20 mph,None
l_328,n_id656,n_id657,20 mph,None
l_329,n_id658,n_id659,20 mph,None
l_330,n_id660,n_id661,20 mph,None
l_331,n_id662,n_id663,20 mph,None
l_332,n_id664,n_id665,20 mph,None
l_333,n_id666,n_id667,20 mph,None
l_334,n_id668,n_id669,20 mph,None
l_335,n_id670,n_id671,20 mph,None
l_336,n_id672,n_id673,20 mph,None
l_337,n_id674,n_id675,20 mph,None
l_338,n_id676,n_id677,20 mph,None
l_339,n_id678,n_id679,20 mph,None
l_340,n_id680,n_id681,20 mph,None
l_341,n_id682,n_id683,20 mph,None
l_342,n_id684,n_id685,20 mph,None
l_343,n_id686,n_id687,20 mph,None
l_344,n_id688,n_id689,20 mph,None
l_345,n_id690,n_id691,20 mph,None
l_346,n_id692,n_id693,20 mph,None
l_347,n_id694,n_id695,20 mph,None
l_348,n_id696,n_id697,20 mph,None
l_349,n_id698,n_id699,20 mph,None
l_350,n_id700,n_id701,20 mph,None
l_351,n_id702,n_id703,20 mph,None
l_352,n_id704,n_id705,20 mph,None
l_353,n_id706,n_id707,20 mph,None
l_354,n_id708,n_id709,20 mph,None
l_355,n_id710,n_id711,20 mph,None
l_356,n_id712,n_id713,20 mph,None
l_357,n_id714,n_id715,20 mph,None
l_358,n_id716,n_id717,20 mph,None
l_359,n_id718,n_id719,20 mph,None
l_360,n_id720,n_id721,20 mph,None
l_361,n_id722,n_id723,20 mph,None
l_362,n_id724,n_id725,20 mph,None
l_363,n_id726,n_id727,20 mph,None
l_364,n_id728,n_id729,20 mph,None
l_365,n_id730,n_id731,20 mph,None
l_366,n_id732,n_id733,20 mph,None
l_367,n_id734,n_id735,20 mph,None
l_368,n_id736,n_id737,20 mph,None
l_369,n_id738,n_id739,20 mph,None
l_370,n_id740,n_id741,20 mph,None
l_371,n_id742,n_id743,20 mph,None
l_372,n_id744,n_id745,20 mph,None
l_373,n_id746,n_id747,20 mph,None
l_374,n_id748,n_id749,20 mph,None
l_375,n_id750,n_id751,20 mph,None
l_376,n_id752,n_id753,20 mph,None
l_377,n_id754,n_id755,20 mph,None
l_378,n_id756,n_id757,20 mph,None
l_379,n_id758,n_id759,20 mph,None
l_380,n_id760,n_id761,20 mph,None
l_381,n_id762,n_id763,20 mph,None
l_382,n_id764,n_id765,20 mph,None
l_383,n_id766,n_id767,20 mph,None
l_384,n_id768,n_id769,20 mph,None
l_385,n_id770,n_id771,20 mph,None
l_386,n_id772,n_id773,20 mph,None
l_387,n_id774,n_id775,20 mph,None
l_388,n_id776,n_id777,20 mph,None
l_389,n_id778,n_id779,20 mph,None
l_390,n_id780,n_id781,20 mph,None
l_391,n_id782,n_id783,20 mph,None
l_392,n_id784,n_id785,20 mph,None
l_393,n_id786,n_id787,20 mph,None
l_394,n_id788,n_id789,20 mph,None
l_395,n_id790,n_id791,20 mph,None
l_396,n_id792,n_id793,20 mph,None
l_397,n_id794,n_id795,20 mph,None
l_398,n_id796,n_id797,None,None
l_399,n_id798,n_id799,None,None
l_400,n_id800,n_id801,20 mph,None
l_401,n_id802,n_id803,20 mph,None
l_402,n_id804,n_id805,20 mph,None
l_403,n_id806,n_id807,20 mph,None
l_404,n_id808,n_id809,20 mph,None
l_405,n_id810,n_id811,20 mph,None
l_406,n_id812,n_id813,20 mph,None
l_407,n_id814,n_id815,20 mph,None
l_408,n_id816,n_id817,20 mph,None
l_409,n_id818,n_id819,20 mph,None
l_410,n_id820,n_id821,20 mph,None
l_411,n_id822,n_id823,20 mph,None
l_412,n_id824,n_id825,20 mph,None
l_413,n_id826,n_id827,20 mph,None
l_414,n_id828,n_id829,20 mph,None
l_415,n_id830,n_id831,20 mph,None
l_416,n_id832,n_id833,20 mph,None
l_417,n_id834,n_id835,20 mph,None
l_418,n_id836,n_id837,20 mph,None
l_419,n_id838,n_id839,20 mph,None
l_420,n_id840,n_id841,20 mph,None
l_421,n_id842,n_id843,20 mph,None
l_422,n_id844,n_id845,20 mph,None
l_423,n_id846,n_id847,20 mph,None
l_424,n_id848,n_id849,20 mph,None
l_425,n_id850,n_id851,20 mph,None
l_426,n_id852,n_id853,20 mph,None
l_427,n_id854,n_id855,20 mph,None
l_428,n_id856,n_id857,20 mph,None
l_429,n_id858,n_id859,20 mph,None
l_430,n_id860,n_id861,20 mph,None
l_431,n_id862,n_id863,20 mph,None
l_432,n_id864,n_id865,20 mph,None
l_433,n_id866,n_id867,20 mph,None
l_434,n_id868,n_id869,20 mph,None
l_435,n_id870,n_id871,20 mph,None
l_436,n_id872,n_id873,20 mph,None
l_437,n_id874,n_id875,20 mph,None
l_438,n_id876,n_id877,20 mph,None
l_439,n_id878,n_id879,20 mph,None
l_440,n_id880,n_id881,20 mph,None
l_441,n_id882,n_id883,20 mph,None
l_442,n_id884,n_id885,20 mph,None
l_443,n_id886,n_id887,20 mph,None
l_444,n_id888,n_id889,20 mph,None
l_445,n_id890,n_id891,20 mph,None
l_446,n_id892,n_id893,20 mph,None
l_447,n_id894,n_id895,20 mph,None
l_448,n_id896,n_id897,20 mph,None
l_449,n_id898,n_id899,20 mph,None
l_450,n_id900,n_id901,20 mph,None
l_451,n_id902,n_id903,20 mph,None
l_452,n_id904,n_id905,20 mph,None
l_453,n_id906,n_id907,20 mph,None
l_454,n_id908,n_id909,20 mph,None
l_455,n_id910,n_id911,20 mph,None
l_456,n_id912,n_id913,20 mph,None
l_457,n_id914,n_id915,20 mph,None
l_458,n_id916,n_id917,20 mph,None
l_459,n_id918,n_id919,20 mph,None
l_460,n_id920,n_id921,20 mph,None
l_461,n_id922,n_id923,20 mph,None
l_462,n_id924,n_id925,20 mph,None
l_463,n_id926,n_id927,20 mph,None
l_464,n_id928,n_id929,20 mph,None
l_465,n_id930,n_id931,20 mph,None
l_466,n_id932,n_id933,20 mph,None
l_467,n_id934,n_id935,20 mph,None
l_468,n_id936,n_id937,20 mph,None
l_469,n_id938,n_id939,20 mph,None
l_470,n_id940,n_id941,20 mph,None
l_471,n_id942,n_id943,20 mph,None
l_472,n_id944,n_id945,20 mph,None
l_473,n_id946,n_id947,20 mph,None
l_474,n_id948,n_id949,20 mph,None
l_475,n_id950,n_id951,20 mph,None
l_476,n_id952,n_id953,20 mph,None
l_477,n_id954,n_id955,20 mph,None
l_478,n_id956,n_id957,20 mph,None
l_479,n_id958,n_id959,20 mph,None
l_480,n_id960,n_id961,20 mph,None
l_481,n_id962,n_id963,20 mph,None
l_482,n_id964,n_id965,20 mph,None
l_483,n_id966,n_id967,20 mph,None
l_484,n_id968,n_id969,20 mph,None
l_485,n_id970,n_id971,20 mph,None
l_486,n_id972,n_id973,20 mph,None
l_487,n_id974,n_id975,20 mph,None
l_488,n_id976,n_id977,20 mph,None
l_489,n_id978,n_id979,20 mph,None
l_490,n_id980,n_id981,20 mph,None
l_491,n_id982,n_id983,30 mph,None
l_492,n_id984,n_id985,30 mph,None
l_493,n_id986,n_id987,30 mph,None
l_494,n_id988,n_id989,30 mph,None
l_495,n_id990,n_id991,30 mph,None
l_496,n_id992,n_id993,30 mph,None
l_497,n_id994,n_id995,30 mph,None
l_498,n_id996,n_id997,30 mph,None
l_499,n_id998,n_id999,30 mph,None
l_500,n_id1000,n_id1001,30 mph,None
l_501,n_id1002,n_id1003,30 mph,None
l_502,n_id1004,n_id1005,30 mph,None
l_503,n_id1006,n_id1007,30 mph,None
l_504,n_id1008,n_id1009,30 mph,None
l_505,n_id1010,n_id1011,30 mph,None
l_506,n_id1012,n_id1013,30 mph,None
l_507,n_id1014,n_id1015,30 mph,None
l_508,n_id1016,n_id1017,30 mph,None
l_509,n_id1018,n_id1019,30 mph,None
l_510,n_id1020,n_id1021,30 mph,None
l_511,n_id1022,n_id1023,30 mph,None
l_512,n_id1024,n_id1025,30 mph,None
l_513,n_id1026,n_id1027,30 mph,None
l_514,n_id1028,n_id1029,30 mph,None
l_515,n_id1030,n_id1031,30 mph,None
l_516,n_id1032,n_id1033,None,None
l_517,n_id1034,n_id1035,None,None
l_518,n_id1036,n_id1037,None,None
l_519,n_id1038,n_id1039,None,None
l_520,n_id1040,n_id1041,None,None
l_521,n_id1042,n_id1043,None,None
l_522,n_id1044,n_id1045,None,None
l_523,n_id1046,n_id1047,None,None
l_524,n_id1048,n_id1049,None,None
l_525,n_id1050,n_id1051,None,None
l_526,n_id1052,n_id1053,None,None
l_527,n_id1054,n_id1055,None,None
l_528,n_id1056,n_id1057,None,None
l_529,n_id1058,n_id1059,None,None
l_530,n_id1060,n_id1061,None,None
l_531,n_id1062,n_id1063,None,None
l_532,n_id1064,n_id1065,None,None
l_533,n_id1066,n_id1067,None,None
l_534,n_id1068,n_id1069,None,None
l_535,n_id1070,n_id1071,None,None
l_536,n_id1072,n_id1073,30 mph,None
l_537,n_id1074,n_id1075,30 mph,None
l_538,n_id1076,n_id1077,30 mph,None
l_539,n_id1078,n_id1079,30 mph,None
l_540,n_id1080,n_id1081,30 mph,None
l_541,n_id1082,n_id1083,30 mph,None
l_542,n_id1084,n_id1085,30 mph,None
l_543,n_id1086,n_id1087,30 mph,None
l_544,n_id1088,n_id1089,30 mph,None
l_545,n_id1090,n_id1091,30 mph,None
l_546,n_id1092,n_id1093,30 mph,None
l_547,n_id1094,n_id1095,30 mph,None
l_548,n_id1096,n_id1097,20 mph,None
l_549,n_id1098,n_id1099,20 mph,None
l_550,n_id1100,n_id1101,20 mph,None
l_551,n_id1102,n_id1103,20 mph,None
l_552,n_id1104,n_id1105,20 mph,None
l_553,n_id1106,n_id1107,20 mph,None
l_554,n_id1108,n_id1109,20 mph,None
l_555,n_id1110,n_id1111,20 mph,None
l_556,n_id1112,n_id1113,20 mph,None
l_557,n_id1114,n_id1115,20 mph,None
l_558,n_id1116,n_id1117,20 mph,None
l_559,n_id1118,n_id1119,20 mph,None
l_560,n_id1120,n_id1121,20 mph,None
l_561,n_id1122,n_id1123,20 mph,None
l_562,n_id1124,n_id1125,20 mph,None
l_563,n_id1126,n_id1127,20 mph,None
l_564,n_id1128,n_id1129,20 mph,None
l_565,n_id1130,n_id1131,20 mph,None
l_566,n_id1132,n_id1133,20 mph,None
l_567,n_id1134,n_id1135,20 mph,None
l_568,n_id1136,n_id1137,20 mph,None
l_569,n_id1138,n_id1139,20 mph,None
l_570,n_id1140,n_id1141,20 mph,None
l_571,n_id1142,n_id1143,20 mph,None
l_572,n_id1144,n_id1145,20 mph,None
l_573,n_id1146,n_id1147,20 mph,None
l_574,n_id1148,n_id1149,20 mph,None
l_575,n_id1150,n_id1151,20 mph,None
l_576,n_id1152,n_id1153,20 mph,None
l_577,n_id1154,n_id1155,20 mph,None
l_578,n_id1156,n_id1157,20 mph,None
l_579,n_id1158,n_id1159,20 mph,None
l_580,n_id1160,n_id1161,20 mph,None
l_581,n_id1162,n_id1163,20 mph,None
l_582,n_id1164,n_id1165,20 mph,None
l_583,n_id1166,n_id1167,20 mph,None
l_584,n_id1168,n_id1169,30 mph,None
l_585,n_id1170,n_id1171,30 mph,None
l_586,n_id1172,n_id1173,30 mph,None
l_587,n_id1174,n_id1175,30 mph,None
l_588,n_id1176,n_id1177,30 mph,None
l_589,n_id1178,n_id1179,30 mph,None
l_590,n_id1180,n_id1181,30 mph,None
l_591,n_id1182,n_id1183,30 mph,None
l_592,n_id1184,n_id1185,30 mph,None
l_593,n_id1186,n_id1187,30 mph,None
l_594,n_id1188,n_id1189,30 mph,None
l_595,n_id1190,n_id1191,30 mph,None
l_596,n_id1192,n_id1193,20 mph,None
l_597,n_id1194,n_id1195,20 mph,None
l_598,n_id1196,n_id1197,20 mph,None
l_599,n_id1198,n_id1199,20 mph,None
l_600,n_id1200,n_id1201,20 mph,None
l_601,n_id1202,n_id1203,20 mph,None
l_602,n_id1204,n_id1205,None,None
l_603,n_id1206,n_id1207,None,None
l_604,n_id1208,n_id1209,None,None
l_605,n_id1210,n_id1211,None,None
l_606,n_id1212,n_id1213,None,None
l_607,n_id1214,n_id1215,None,None
l_608,n_id1216,n_id1217,None,None
l_609,n_id1218,n_id1219,None,None
l_610,n_id1220,n_id1221,None,None
l_611,n_id1222,n_id1223,None,None
l_612,n_id1224,n_id1225,None,None
l_613,n_id1226,n_id1227,None,None
l_614,n_id1228,n_id1229,None,None
l_615,n_id1230,n_id1231,None,None
l_616,n_id1232,n_id1233,None,None
l_617,n_id1234,n_id1235,20 mph,None
l_618,n_id1236,n_id1237,20 mph,None
l_619,n_id1238,n_id1239,20 mph,None
l_620,n_id1240,n_id1241,20 mph,None
l_621,n_id1242,n_id1243,20 mph,None
l_622,n_id1244,n_id1245,20 mph,None
l_623,n_id1246,n_id1247,20 mph,None
l_624,n_id1248,n_id1249,20 mph,None
l_625,n_id1250,n_id1251,20 mph,None
l_626,n_id1252,n_id1253,20 mph,None
l_627,n_id1254,n_id1255,20 mph,None
l_628,n_id1256,n_id1257,20 mph,None
l_629,n_id1258,n_id1259,20 mph,None
l_630,n_id1260,n_id1261,20 mph,None
l_631,n_id1262,n_id1263,20 mph,None
l_632,n_id1264,n_id1265,20 mph,None
l_633,n_id1266,n_id1267,20 mph,None
l_634,n_id1268,n_id1269,20 mph,None
l_635,n_id1270,n_id1271,20 mph,None
l_636,n_id1272,n_id1273,20 mph,None
l_637,n_id1274,n_id1275,20 mph,None
l_638,n_id1276,n_id1277,20 mph,None
l_639,n_id1278,n_id1279,20 mph,None
l_640,n_id1280,n_id1281,20 mph,None
l_641,n_id1282,n_id1283,20 mph,None
l_642,n_id1284,n_id1285,20 mph,None
l_643,n_id1286,n_id1287,20 mph,None
l_644,n_id1288,n_id1289,20 mph,None
l_645,n_id1290,n_id1291,20 mph,None
l_646,n_id1292,n_id1293,20 mph,None
l_647,n_id1294,n_id1295,20 mph,None
l_648,n_id1296,n_id1297,20 mph,None
l_649,n_id1298,n_id1299,20 mph,None
l_650,n_id1300,n_id1301,20 mph,None
l_651,n_id1302,n_id1303,20 mph,None
l_652,n_id1304,n_id1305,20 mph,None
l_653,n_id1306,n_id1307,20 mph,None
l_654,n_id1308,n_id1309,20 mph,None
l_655,n_id1310,n_id1311,30 mph,None
l_656,n_id1312,n_id1313,20 mph,None
l_657,n_id1314,n_id1315,20 mph,None
l_658,n_id1316,n_id1317,20 mph,None
l_659,n_id1318,n_id1319,20 mph,None
l_660,n_id1320,n_id1321,20 mph,None
l_661,n_id1322,n_id1323,20 mph,None
l_662,n_id1324,n_id1325,20 mph,None
l_663,n_id1326,n_id1327,20 mph,None
l_664,n_id1328,n_id1329,20 mph,None
l_665,n_id1330,n_id1331,20 mph,None
l_666,n_id1332,n_id1333,20 mph,None
l_667,n_id1334,n_id1335,20 mph,None
l_668,n_id1336,n_id1337,20 mph,None
l_669,n_id1338,n_id1339,20 mph,None
l_670,n_id1340,n_id1341,20 mph,None
l_671,n_id1342,n_id1343,20 mph,None
l_672,n_id1344,n_id1345,20 mph,None
l_673,n_id1346,n_id1347,20 mph,None
l_674,n_id1348,n_id1349,20 mph,None
l_675,n_id1350,n_id1351,20 mph,None
l_676,n_id1352,n_id1353,20 mph,None
l_677,n_id1354,n_id1355,20 mph,None
l_678,n_id1356,n_id1357,20 mph,None
l_679,n_id1358,n_id1359,20 mph,None
l_680,n_id1360,n_id1361,20 mph,None
l_681,n_id1362,n_id1363,20 mph,None
l_682,n_id1364,n_id1365,20 mph,None
l_683,n_id1366,n_id1367,20 mph,None
l_684,n_id1368,n_id1369,20 mph,None
l_685,n_id1370,n_id1371,30 mph,None
l_686,n_id1372,n_id1373,None,None
l_687,n_id1374,n_id1375,None,None
l_688,n_id1376,n_id1377,None,None
l_689,n_id1378,n_id1379,None,None
l_690,n_id1380,n_id1381,None,None
l_691,n_id1382,n_id1383,None,None
l_692,n_id1384,n_id1385,None,None
l_693,n_id1386,n_id1387,None,None
l_694,n_id1388,n_id1389,None,None
l_695,n_id1390,n_id1391,None,None
l_696,n_id1392,n_id1393,None,None
l_697,n_id1394,n_id1395,None,None
l_698,n_id1396,n_id1397,None,None
l_699,n_id1398,n_id1399,None,None
l_700,n_id1400,n_id1401,None,None
l_701,n_id1402,n_id1403,None,None
l_702,n_id1404,n_id1405,30 mph,None
l_703,n_id1406,n_id1407,30 mph,None
l_704,n_id1408,n_id1409,20 mph,None
l_705,n_id1410,n_id1411,20 mph,None
l_706,n_id1412,n_id1413,30 mph,None
l_707,n_id1414,n_id1415,30 mph,None
l_708,n_id1416,n_id1417,30 mph,None
l_709,n_id1418,n_id1419,30 mph,None
l_710,n_id1420,n_id1421,30 mph,None
l_711,n_id1422,n_id1423,30 mph,None
l_712,n_id1424,n_id1425,30 mph,None
l_713,n_id1426,n_id1427,30 mph,None
l_714,n_id1428,n_id1429,None,None
l_715,n_id1430,n_id1431,20 mph,None
l_716,n_id1432,n_id1433,20 mph,None
l_717,n_id1434,n_id1435,20 mph,None
l_718,n_id1436,n_id1437,20 mph,None
l_719,n_id1438,n_id1439,20 mph,None
l_720,n_id1440,n_id1441,20 mph,None
l_721,n_id1442,n_id1443,None,None
l_722,n_id1444,n_id1445,30 mph,None
l_723,n_id1446,n_id1447,30 mph,None
l_724,n_id1448,n_id1449,30 mph,None
l_725,n_id1450,n_id1451,30 mph,None
l_726,n_id1452,n_id1453,30 mph,None
l_727,n_id1454,n_id1455,30 mph,None
l_728,n_id1456,n_id1457,30 mph,None
l_729,n_id1458,n_id1459,30 mph,None
l_730,n_id1460,n_id1461,30 mph,None
l_731,n_id1462,n_id1463,30 mph,None
l_732,n_id1464,n_id1465,30 mph,None
l_733,n_id1466,n_id1467,30 mph,None
l_734,n_id1468,n_id1469,30 mph,None
l_735,n_id1470,n_id1471,30 mph,None
l_736,n_id1472,n_id1473,30 mph,None
l_737,n_id1474,n_id1475,30 mph,None
l_738,n_id1476,n_id1477,30 mph,None
l_739,n_id1478,n_id1479,30 mph,None
l_740,n_id1480,n_id1481,30 mph,None
l_741,n_id1482,n_id1483,30 mph,None
l_742,n_id1484,n_id1485,30 mph,None
l_743,n_id1486,n_id1487,30 mph,None
l_744,n_id1488,n_id1489,30 mph,None
l_745,n_id1490,n_id1491,30 mph,None
l_746,n_id1492,n_id1493,30 mph,None
l_747,n_id1494,n_id1495,30 mph,None
l_748,n_id1496,n_id1497,30 mph,None
l_749,n_id1498,n_id1499,30 mph,None
l_750,n_id1500,n_id1501,30 mph,None
l_751,n_id1502,n_id1503,30 mph,None
l_752,n_id1504,n_id1505,30 mph,None
l_753,n_id1506,n_id1507,30 mph,None
l_754,n_id1508,n_id1509,30 mph,None
l_755,n_id1510,n_id1511,30 mph,None
l_756,n_id1512,n_id1513,30 mph,None
l_757,n_id1514,n_id1515,30 mph,None
l_758,n_id1516,n_id1517,30 mph,None
l_759,n_id1518,n_id1519,None,None
l_760,n_id1520,n_id1521,None,None
l_761,n_id1522,n_id1523,None,None
l_762,n_id1524,n_id1525,None,None
l_763,n_id1526,n_id1527,None,None
l_764,n_id1528,n_id1529,None,None
l_765,n_id1530,n_id1531,30 mph,None
l_766,n_id1532,n_id1533,None,None
l_767,n_id1534,n_id1535,None,None
l_768,n_id1536,n_id1537,None,None
l_769,n_id1538,n_id1539,None,None
l_770,n_id1540,n_id1541,None,None
l_771,n_id1542,n_id1543,None,None
l_772,n_id1544,n_id1545,None,None
l_773,n_id1546,n_id1547,None,None
l_774,n_id1548,n_id1549,None,None
l_775,n_id1550,n_id1551,None,None
l_776,n_id1552,n_id1553,None,None
l_777,n_id1554,n_id1555,None,None
l_778,n_id1556,n_id1557,None,None
l_779,n_id1558,n_id1559,None,None
l_780,n_id1560,n_id1561,None,None
l_781,n_id1562,n_id1563,None,None
l_782,n_id1564,n_id1565,None,None
l_783,n_id1566,n_id1567,None,None
l_784,n_id1568,n_id1569,None,None
l_785,n_id1570,n_id1571,None,None
l_786,n_id1572,n_id1573,30 mph,None
l_787,n_id1574,n_id1575,30 mph,None
l_788,n_id1576,n_id1577,30 mph,None
l_789,n_id1578,n_id1579,30 mph,None
l_790,n_id1580,n_id1581,30 mph,None
l_791,n_id1582,n_id1583,None,None
l_792,n_id1584,n_id1585,20 mph,None
l_793,n_id1586,n_id1587,20 mph,None
l_794,n_id1588,n_id1589,20 mph,None
l_795,n_id1590,n_id1591,20 mph,None
l_796,n_id1592,n_id1593,20 mph,None
l_797,n_id1594,n_id1595,20 mph,None
l_798,n_id1596,n_id1597,20 mph,None
l_799,n_id1598,n_id1599,20 mph,None
l_800,n_id1600,n_id1601,20 mph,None
l_801,n_id1602,n_id1603,20 mph,None
l_802,n_id1604,n_id1605,20 mph,None
l_803,n_id1606,n_id1607,20 mph,None
l_804,n_id1608,n_id1609,20 mph,None
l_805,n_id1610,n_id1611,20 mph,None
l_806,n_id1612,n_id1613,20 mph,None
l_807,n_id1614,n_id1615,20 mph,None
l_808,n_id1616,n_id1617,20 mph,None
l_809,n_id1618,n_id1619,20 mph,None
l_810,n_id1620,n_id1621,20 mph,None
l_811,n_id1622,n_id1623,30 mph,None
l_812,n_id1624,n_id1625,None,None
l_813,n_id1626,n_id1627,None,None
l_814,n_id1628,n_id1629,None,None
l_815,n_id1630,n_id1631,None,None
l_816,n_id1632,n_id1633,None,None
l_817,n_id1634,n_id1635,None,None
l_818,n_id1636,n_id1637,None,None
l_819,n_id1638,n_id1639,None,None
l_820,n_id1640,n_id1641,None,None
l_821,n_id1642,n_id1643,None,None
l_822,n_id1644,n_id1645,None,None
l_823,n_id1646,n_id1647,30 mph,None
l_824,n_id1648,n_id1649,30 mph,None
l_825,n_id1650,n_id1651,30 mph,None
l_826,n_id1652,n_id1653,30 mph,None
l_827,n_id1654,n_id1655,30 mph,None
l_828,n_id1656,n_id1657,30 mph,None
l_829,n_id1658,n_id1659,30 mph,None
l_830,n_id1660,n_id1661,30 mph,None
l_831,n_id1662,n_id1663,30 mph,None
l_832,n_id1664,n_id1665,30 mph,None
l_833,n_id1666,n_id1667,30 mph,None
l_834,n_id1668,n_id1669,30 mph,None
l_835,n_id1670,n_id1671,20 mph,None
l_836,n_id1672,n_id1673,20 mph,None
l_837,n_id1674,n_id1675,20 mph,None
l_838,n_id1676,n_id1677,20 mph,None
l_839,n_id1678,n_id1679,20 mph,None
l_840,n_id1680,n_id1681,20 mph,None
l_841,n_id1682,n_id1683,20 mph,None
l_842,n_id1684,n_id1685,20 mph,None
l_843,n_id1686,n_id1687,20 mph,None
l_844,n_id1688,n_id1689,20 mph,None
l_845,n_id1690,n_id1691,20 mph,None
l_846,n_id1692,n_id1693,20 mph,None
l_847,n_id1694,n_id1695,20 mph,None
l_848,n_id1696,n_id1697,20 mph,None
l_849,n_id1698,n_id1699,20 mph,None
l_850,n_id1700,n_id1701,20 mph,None
l_851,n_id1702,n_id1703,20 mph,None
l_852,n_id1704,n_id1705,20 mph,None
l_853,n_id1706,n_id1707,None,None
l_854,n_id1708,n_id1709,None,None
l_855,n_id1710,n_id1711,None,None
l_856,n_id1712,n_id1713,None,None
l_857,n_id1714,n_id1715,None,None
l_858,n_id1716,n_id1717,None,None
l_859,n_id1718,n_id1719,None,None
l_860,n_id1720,n_id1721,None,None
l_861,n_id1722,n_id1723,None,None
l_862,n_id1724,n_id1725,None,None
l_863,n_id1726,n_id1727,None,None
l_864,n_id1728,n_id1729,None,None
l_865,n_id1730,n_id1731,None,None
l_866,n_id1732,n_id1733,None,None
l_867,n_id1734,n_id1735,None,None
l_868,n_id1736,n_id1737,None,None
l_869,n_id1738,n_id1739,None,None
l_870,n_id1740,n_id1741,None,None
l_871,n_id1742,n_id1743,None,None
l_872,n_id1744,n_id1745,None,None
l_873,n_id1746,n_id1747,None,None
l_874,n_id1748,n_id1749,None,None
l_875,n_id1750,n_id1751,None,None
l_876,n_id1752,n_id1753,None,None
l_877,n_id1754,n_id1755,None,None
l_878,n_id1756,n_id1757,None,None
l_879,n_id1758,n_id1759,None,None
l_880,n_id1760,n_id1761,None,None
l_881,n_id1762,n_id1763,None,None
l_882,n_id1764,n_id1765,None,None
l_883,n_id1766,n_id1767,None,None
l_884,n_id1768,n_id1769,None,None
l_885,n_id1770,n_id1771,None,None
l_886,n_id1772,n_id1773,None,None
l_887,n_id1774,n_id1775,None,None
l_888,n_id1776,n_id1777,30 mph,None
l_889,n_id1778,n_id1779,30 mph,None
l_890,n_id1780,n_id1781,30 mph,None
l_891,n_id1782,n_id1783,30 mph,None
l_892,n_id1784,n_id1785,30 mph,None
l_893,n_id1786,n_id1787,30 mph,None
l_894,n_id1788,n_id1789,30 mph,None
l_895,n_id1790,n_id1791,30 mph,None
l_896,n_id1792,n_id1793,30 mph,None
l_897,n_id1794,n_id1795,30 mph,None
l_898,n_id1796,n_id1797,30 mph,None
l_899,n_id1798,n_id1799,30 mph,None
l_900,n_id1800,n_id1801,30 mph,None
l_901,n_id1802,n_id1803,None,None
l_902,n_id1804,n_id1805,None,None
l_903,n_id1806,n_id1807,None,None
l_904,n_id1808,n_id1809,None,None
l_905,n_id1810,n_id1811,None,None
l_906,n_id1812,n_id1813,None,None
l_907,n_id1814,n_id1815,30 mph,None
l_908,n_id1816,n_id1817,30 mph,None
l_909,n_id1818,n_id1819,30 mph,None
l_910,n_id1820,n_id1821,None,None
l_911,n_id1822,n_id1823,None,None
l_912,n_id1824,n_id1825,None,None
l_913,n_id1826,n_id1827,None,None
l_914,n_id1828,n_id1829,None,None
l_915,n_id1830,n_id1831,None,None
l_916,n_id1832,n_id1833,None,None
l_917,n_id1834,n_id1835,20 mph,None
l_918,n_id1836,n_id1837,20 mph,None
l_919,n_id1838,n_id1839,20 mph,None
l_920,n_id1840,n_id1841,20 mph,None
l_921,n_id1842,n_id1843,20 mph,None
l_922,n_id1844,n_id1845,20 mph,None
l_923,n_id1846,n_id1847,20 mph,None
l_924,n_id1848,n_id1849,20 mph,None
l_925,n_id1850,n_id1851,20 mph,None
l_926,n_id1852,n_id1853,20 mph,None
l_927,n_id1854,n_id1855,None,None
l_928,n_id1856,n_id1857,None,None
l_929,n_id1858,n_id1859,None,None
l_930,n_id1860,n_id1861,None,None
l_931,n_id1862,n_id1863,None,None
l_932,n_id1864,n_id1865,None,None
l_933,n_id1866,n_id1867,None,None
l_934,n_id1868,n_id1869,None,None
l_935,n_id1870,n_id1871,None,None
l_936,n_id1872,n_id1873,None,None
l_937,n_id1874,n_id1875,None,None
l_938,n_id1876,n_id1877,None,None
l_939,n_id1878,n_id1879,None,None
l_940,n_id1880,n_id1881,None,None
l_941,n_id1882,n_id1883,None,None
l_942,n_id1884,n_id1885,None,None
l_943,n_id1886,n_id1887,None,None
l_944,n_id1888,n_id1889,None,None
l_945,n_id1890,n_id1891,None,None
l_946,n_id1892,n_id1893,None,None
l_947,n_id1894,n_id1895,None,None
l_948,n_id1896,n_id1897,None,None
l_949,n_id1898,n_id1899,None,None
l_950,n_id1900,n_id1901,None,None
l_951,n_id1902,n_id1903,None,None
l_952,n_id1904,n_id1905,None,None
l_953,n_id1906,n_id1907,None,None
l_954,n_id1908,n_id1909,None,None
l_955,n_id1910,n_id1911,None,None
l_956,n_id1912,n_id1913,None,None
l_957,n_id1914,n_id1915,None,None
l_958,n_id1916,n_id1917,None,None
l_959,n_id1918,n_id1919,None,None
l_960,n_id1920,n_id1921,None,None
l_961,n_id1922,n_id1923,None,None
l_962,n_id1924,n_id1925,None,None
l_963,n_id1926,n_id1927,None,None
l_964,n_id1928,n_id1929,None,None
l_965,n_id1930,n_id1931,None,None
l_966,n_id1932,n_id1933,None,None
l_967,n_id1934,n_id1935,None,None
l_968,n_id1936,n_id1937,None,None
l_969,n_id1938,n_id1939,None,None
l_970,n_id1940,n_id1941,None,None
l_971,n_id1942,n_id1943,None,None
l_972,n_id1944,n_id1945,None,None
l_973,n_id1946,n_id1947,None,None
l_974,n_id1948,n_id1949,None,None
l_975,n_id1950,n_id1951,None,None
l_976,n_id1952,n_id1953,None,None
l_977,n_id1954,n_id1955,None,None
l_978,n_id1956,n_id1957,None,None
l_979,n_id1958,n_id1959,None,None
l_980,n_id1960,n_id1961,None,None
l_981,n_id1962,n_id1963,None,None
l_982,n_id1964,n_id1965,None,None
l_983,n_id1966,n_id1967,None,None
l_984,n_id1968,n_id1969,None,None
l_985,n_id1970,n_id1971,None,None
l_986,n_id1972,n_id1973,None,None
l_987,n_id1974,n_id1975,None,None
l_988,n_id1976,n_id1977,None,None
l_989,n_id1978,n_id1979,None,None
l_990,n_id1980,n_id1981,None,None
l_991,n_id1982,n_id1983,None,None
l_992,n_id1984,n_id1985,None,None
l_993,n_id1986,n_id1987,None,None
l_994,n_id1988,n_id1989,None,None
l_995,n_id1990,n_id1991,None,None
l_996,n_id1992,n_id1993,None,None
l_997,n_id1994,n_id1995,None,None
l_998,n_id1996,n_id1997,None,None
l_999,n_id1998,n_id1999,None,None
l_1000,n_id2000,n_id2001,None,None
l_1001,n_id2002,n_id2003,None,None
l_1002,n_id2004,n_id2005,None,None
l_1003,n_id2006,n_id2007,None,None
l_1004,n_id2008,n_id2009,None,None
l_1005,n_id2010,n_id2011,None,None
l_1006,n_id2012,n_id2013,None,None
l_1007,n_id2014,n_id2015,None,None
l_1008,n_id2016,n_id2017,None,None
l_1009,n_id2018,n_id2019,None,None
l_1010,n_id2020,n_id2021,None,None
l_1011,n_id2022,n_id2023,None,None
l_1012,n_id2024,n_id2025,None,None
l_1013,n_id2026,n_id2027,None,None
l_1014,n_id2028,n_id2029,None,None
l_1015,n_id2030,n_id2031,None,None
l_1016,n_id2032,n_id2033,None,None
l_1017,n_id2034,n_id2035,None,None
l_1018,n_id2036,n_id2037,None,None
l_1019,n_id2038,n_id2039,None,None
l_1020,n_id2040,n_id2041,None,None
l_1021,n_id2042,n_id2043,None,None
l_1022,n_id2044,n_id2045,None,None
l_1023,n_id2046,n_id2047,None,None
l_1024,n_id2048,n_id2049,None,None
l_1025,n_id2050,n_id2051,None,None
l_1026,n_id2052,n_id2053,None,None
l_1027,n_id2054,n_id2055,None,None
l_1028,n_id2056,n_id2057,None,None
l_1029,n_id2058,n_id2059,None,None
l_1030,n_id2060,n_id2061,None,None
l_1031,n_id2062,n_id2063,None,None
l_1032,n_id2064,n_id2065,None,None
l_1033,n_id2066,n_id2067,None,None
l_1034,n_id2068,n_id2069,None,None
l_1035,n_id2070,n_id2071,None,None
l_1036,n_id2072,n_id2073,None,None
l_1037,n_id2074,n_id2075,None,None
l_1038,n_id2076,n_id2077,None,None
l_1039,n_id2078,n_id2079,None,None
l_1040,n_id2080,n_id2081,None,None
l_1041,n_id2082,n_id2083,None,None
l_1042,n_id2084,n_id2085,None,None
l_1043,n_id2086,n_id2087,None,None
l_1044,n_id2088,n_id2089,None,None
l_1045,n_id2090,n_id2091,None,None
l_1046,n_id2092,n_id2093,None,None
l_1047,n_id2094,n_id2095,None,None
l_1048,n_id2096,n_id2097,None,None
l_1049,n_id2098,n_id2099,None,None
l_1050,n_id2100,n_id2101,None,None
l_1051,n_id2102,n_id2103,None,None
l_1052,n_id2104,n_id2105,None,None
l_1053,n_id2106,n_id2107,None,None
l_1054,n_id2108,n_id2109,None,None
l_1055,n_id2110,n_id2111,None,None
l_1056,n_id2112,n_id2113,None,None
l_1057,n_id2114,n_id2115,None,None
l_1058,n_id2116,n_id2117,None,None
l_1059,n_id2118,n_id2119,None,None
l_1060,n_id2120,n_id2121,None,None
l_1061,n_id2122,n_id2123,None,None
l_1062,n_id2124,n_id2125,None,None
l_1063,n_id2126,n_id2127,None,None
l_1064,n_id2128,n_id2129,None,None
l_1065,n_id2130,n_id2131,None,None
l_1066,n_id2132,n_id2133,None,None
l_1067,n_id2134,n_id2135,None,None
l_1068,n_id2136,n_id2137,None,None
l_1069,n_id2138,n_id2139,None,None
l_1070,n_id2140,n_id2141,None,None
l_1071,n_id2142,n_id2143,None,None
l_1072,n_id2144,n_id2145,None,None
l_1073,n_id2146,n_id2147,None,None
l_1074,n_id2148,n_id2149,None,None
l_1075,n_id2150,n_id2151,None,None
l_1076,n_id2152,n_id2153,None,None
l_1077,n_id2154,n_id2155,None,None
l_1078,n_id2156,n_id2157,None,None
l_1079,n_id2158,n_id2159,None,None
l_1080,n_id2160,n_id2161,None,None
l_1081,n_id2162,n_id2163,None,None
l_1082,n_id2164,n_id2165,None,None
l_1083,n_id2166,n_id2167,None,None
l_1084,n_id2168,n_id2169,None,None
l_1085,n_id2170,n_id2171,None,None
l_1086,n_id2172,n_id2173,None,None
l_1087,n_id2174,n_id2175,None,None
l_1088,n_id2176,n_id2177,None,None
l_1089,n_id2178,n_id2179,None,None
l_1090,n_id2180,n_id2181,None,None
l_1091,n_id2182,n_id2183,None,None
l_1092,n_id2184,n_id2185,None,None
l_1093,n_id2186,n_id2187,None,None
l_1094,n_id2188,n_id2189,None,None
l_1095,n_id2190,n_id2191,None,None
l_1096,n_id2192,n_id2193,None,None
l_1097,n_id2194,n_id2195,None,None
l_1098,n_id2196,n_id2197,None,None
l_1099,n_id2198,n_id2199,None,None
l_1100,n_id2200,n_id2201,None,None
l_1101,n_id2202,n_id2203,None,None
l_1102,n_id2204,n_id2205,None,None
l_1103,n_id2206,n_id2207,None,None
l_1104,n_id2208,n_id2209,20 mph,None
l_1105,n_id2210,n_id2211,20 mph,None
l_1106,n_id2212,n_id2213,None,None
l_1107,n_id2214,n_id2215,None,None
l_1108,n_id2216,n_id2217,None,None
l_1109,n_id2218,n_id2219,None,None
l_1110,n_id2220,n_id2221,None,None
l_1111,n_id2222,n_id2223,None,None
l_1112,n_id2224,n_id2225,None,None
l_1113,n_id2226,n_id2227,None,None
l_1114,n_id2228,n_id2229,None,None
l_1115,n_id2230,n_id2231,None,None
l_1116,n_id2232,n_id2233,None,None
l_1117,n_id2234,n_id2235,None,None
l_1118,n_id2236,n_id2237,None,None
l_1119,n_id2238,n_id2239,None,None
l_1120,n_id2240,n_id2241,None,None
l_1121,n_id2242,n_id2243,None,None
l_1122,n_id2244,n_id2245,None,None
l_1123,n_id2246,n_id2247,None,None
l_1124,n_id2248,n_id2249,None,None
l_1125,n_id2250,n_id2251,None,None
l_1126,n_id2252,n_id2253,None,None
l_1127,n_id2254,n_id2255,None,None
l_1128,n_id2256,n_id2257,None,None
l_1129,n_id2258,n_id2259,None,None
l_1130,n_id2260,n_id2261,None,None
l_1131,n_id2262,n_id2263,None,None
l_1132,n_id2264,n_id2265,None,None
l_1133,n_id2266,n_id2267,None,None
l_1134,n_id2268,n_id2269,None,None
l_1135,n_id2270,n_id2271,None,None
l_1136,n_id2272,n_id2273,None,None
l_1137,n_id2274,n_id2275,None,None
l_1138,n_id2276,n_id2277,None,None
l_1139,n_id2278,n_id2279,None,None
l_1140,n_id2280,n_id2281,None,None
l_1141,n_id2282,n_id2283,None,None
l_1142,n_id2284,n_id2285,None,None
l_1143,n_id2286,n_id2287,None,None
l_1144,n_id2288,n_id2289,None,None
l_1145,n_id2290,n_id2291,None,None
l_1146,n_id2292,n_id2293,None,None
l_1147,n_id2294,n_id2295,None,None
l_1148,n_id2296,n_id2297,None,None
l_1149,n_id2298,n_id2299,None,None
l_1150,n_id2300,n_id2301,None,None
l_1151,n_id2302,n_id2303,None,None
l_1152,n_id2304,n_id2305,None,None
l_1153,n_id2306,n_id2307,None,None
l_1154,n_id2308,n_id2309,None,None
l_1155,n_id2310,n_id2311,None,None
l_1156,n_id2312,n_id2313,None,None
l_1157,n_id2314,n_id2315,None,None
l_1158,n_id2316,n_id2317,None,None
l_1159,n_id2318,n_id2319,None,None
l_1160,n_id2320,n_id2321,None,None
l_1161,n_id2322,n_id2323,None,None
l_1162,n_id2324,n_id2325,None,None
l_1163,n_id2326,n_id2327,None,None
l_1164,n_id2328,n_id2329,None,None
l_1165,n_id2330,n_id2331,None,None
l_1166,n_id2332,n_id2333,None,None
l_1167,n_id2334,n_id2335,None,None
l_1168,n_id2336,n_id2337,None,None
l_1169,n_id2338,n_id2339,None,None
l_1170,n_id2340,n_id2341,None,None
l_1171,n_id2342,n_id2343,None,None
l_1172,n_id2344,n_id2345,None,None
l_1173,n_id2346,n_id2347,None,None
l_1174,n_id2348,n_id2349,None,None
l_1175,n_id2350,n_id2351,None,None
l_1176,n_id2352,n_id2353,None,None
l_1177,n_id2354,n_id2355,None,None
l_1178,n_id2356,n_id2357,None,None
l_1179,n_id2358,n_id2359,None,None
l_1180,n_id2360,n_id2361,None,None
l_1181,n_id2362,n_id2363,None,None
l_1182,n_id2364,n_id2365,None,None
l_1183,n_id2366,n_id2367,None,None
l_1184,n_id2368,n_id2369,None,None
l_1185,n_id2370,n_id2371,None,None
l_1186,n_id2372,n_id2373,None,None
l_1187,n_id2374,n_id2375,None,None
l_1188,n_id2376,n_id2377,None,None
l_1189,n_id2378,n_id2379,None,None
l_1190,n_id2380,n_id2381,None,None
l_1191,n_id2382,n_id2383,None,None
l_1192,n_id2384,n_id2385,None,None
l_1193,n_id2386,n_id2387,None,None
l_1194,n_id2388,n_id2389,None,None
l_1195,n_id2390,n_id2391,None,None
l_1196,n_id2392,n_id2393,None,None
l_1197,n_id2394,n_id2395,None,None
l_1198,n_id2396,n_id2397,None,None
l_1199,n_id2398,n_id2399,None,None
l_1200,n_id2400,n_id2401,None,None
l_1201,n_id2402,n_id2403,None,None
l_1202,n_id2404,n_id2405,None,None
l_1203,n_id2406,n_id2407,None,None
l_1204,n_id2408,n_id2409,None,None
l_1205,n_id2410,n_id2411,None,None
l_1206,n_id2412,n_id2413,None,None
l_1207,n_id2414,n_id2415,None,None
l_1208,n_id2416,n_id2417,None,None
l_1209,n_id2418,n_id2419,None,None
l_1210,n_id2420,n_id2421,None,None
l_1211,n_id2422,n_id2423,None,None
l_1212,n_id2424,n_id2425,None,None
l_1213,n_id2426,n_id2427,None,None
l_1214,n_id2428,n_id2429,None,None
l_1215,n_id2430,n_id2431,None,None
l_1216,n_id2432,n_id2433,None,None
l_1217,n_id2434,n_id2435,None,None
l_1218,n_id2436,n_id2437,None,None
l_1219,n_id2438,n_id2439,None,None
l_1220,n_id2440,n_id2441,None,None
l_1221,n_id2442,n_id2443,None,None
l_1222,n_id2444,n_id2445,None,None
l_1223,n_id2446,n_id2447,None,None
l_1224,n_id2448,n_id2449,None,None
l_1225,n_id2450,n_id2451,None,None
l_1226,n_id2452,n_id2453,None,None
l_1227,n_id2454,n_id2455,30 mph,None
l_1228,n_id2456,n_id2457,30 mph,None
l_1229,n_id2458,n_id2459,20 mph,None
l_1230,n_id2460,n_id2461,20 mph,None
l_1231,n_id2462,n_id2463,20 mph,None
l_1232,n_id2464,n_id2465,20 mph,None
l_1233,n_id2466,n_id2467,20 mph,None
l_1234,n_id2468,n_id2469,20 mph,None
l_1235,n_id2470,n_id2471,20 mph,None
l_1236,n_id2472,n_id2473,20 mph,None
l_1237,n_id2474,n_id2475,20 mph,None
l_1238,n_id2476,n_id2477,20 mph,None
l_1239,n_id2478,n_id2479,20 mph,None
l_1240,n_id2480,n_id2481,20 mph,None
l_1241,n_id2482,n_id2483,20 mph,None
l_1242,n_id2484,n_id2485,20 mph,None
l_1243,n_id2486,n_id2487,20 mph,None
l_1244,n_id2488,n_id2489,20 mph,None
l_1245,n_id2490,n_id2491,None,None
l_1246,n_id2492,n_id2493,None,None
l_1247,n_id2494,n_id2495,None,None
l_1248,n_id2496,n_id2497,20 mph,None
l_1249,n_id2498,n_id2499,None,None
l_1250,n_id2500,n_id2501,None,None
l_1251,n_id2502,n_id2503,30 mph,None
l_1252,n_id2504,n_id2505,30 mph,None
l_1253,n_id2506,n_id2507,30 mph,None
l_1254,n_id2508,n_id2509,30 mph,None
l_1255,n_id2510,n_id2511,None,None
l_1256,n_id2512,n_id2513,None,None
l_1257,n_id2514,n_id2515,None,None
l_1258,n_id2516,n_id2517,None,None
l_1259,n_id2518,n_id2519,None,None
l_1260,n_id2520,n_id2521,30 mph,None
l_1261,n_id2522,n_id2523,30 mph,None
l_1262,n_id2524,n_id2525,20 mph,None
l_1263,n_id2526,n_id2527,None,None
l_1264,n_id2528,n_id2529,None,None
l_1265,n_id2530,n_id2531,30 mph,None
l_1266,n_id2532,n_id2533,30 mph,None
l_1267,n_id2534,n_id2535,20 mph,None
l_1268,n_id2536,n_id2537,20 mph,None
l_1269,n_id2538,n_id2539,20 mph,None
l_1270,n_id2540,n_id2541,20 mph,None
l_1271,n_id2542,n_id2543,20 mph,None
